Hospital,Date,Bed_Used,Total_Beds
AIIMS Delhi,2024-01-01,146,200
AIIMS Delhi,2024-01-02,159,200
AIIMS Delhi,2024-01-03,154,200
AIIMS Delhi,2024-01-04,150,200
AIIMS Delhi,2024-01-05,147,200
AIIMS Delhi,2024-01-06,170,200
AIIMS Delhi,2024-01-07,156,200
AIIMS Delhi,2024-01-08,158,200
AIIMS Delhi,2024-01-09,162,200
AIIMS Delhi,2024-01-10,150,200
AIIMS Delhi,2024-01-11,150,200
AIIMS Delhi,2024-01-12,163,200
AIIMS Delhi,2024-01-13,170,200
AIIMS Delhi,2024-01-14,153,200
AIIMS Delhi,2024-01-15,147,200
AIIMS Delhi,2024-01-16,163,200
AIIMS Delhi,2024-01-17,142,200
AIIMS Delhi,2024-01-18,161,200
AIIMS Delhi,2024-01-19,160,200
AIIMS Delhi,2024-01-20,151,200
AIIMS Delhi,2024-01-21,173,200
AIIMS Delhi,2024-01-22,151,200
AIIMS Delhi,2024-01-23,145,200
AIIMS Delhi,2024-01-24,141,200
AIIMS Delhi,2024-01-25,160,200
AIIMS Delhi,2024-01-26,140,200
AIIMS Delhi,2024-01-27,161,200
AIIMS Delhi,2024-01-28,171,200
AIIMS Delhi,2024-01-29,151,200
AIIMS Delhi,2024-01-30,164,200
AIIMS Delhi,2024-01-31,156,200
AIIMS Delhi,2024-02-01,149,200
AIIMS Delhi,2024-02-02,155,200
AIIMS Delhi,2024-02-03,164,200
AIIMS Delhi,2024-02-04,164,200
AIIMS Delhi,2024-02-05,158,200
AIIMS Delhi,2024-02-06,151,200
AIIMS Delhi,2024-02-07,162,200
AIIMS Delhi,2024-02-08,159,200
AIIMS Delhi,2024-02-09,164,200
AIIMS Delhi,2024-02-10,152,200
AIIMS Delhi,2024-02-11,154,200
AIIMS Delhi,2024-02-12,158,200
AIIMS Delhi,2024-02-13,146,200
AIIMS Delhi,2024-02-14,160,200
AIIMS Delhi,2024-02-15,148,200
AIIMS Delhi,2024-02-16,146,200
AIIMS Delhi,2024-02-17,167,200
AIIMS Delhi,2024-02-18,153,200
AIIMS Delhi,2024-02-19,164,200
AIIMS Delhi,2024-02-20,153,200
AIIMS Delhi,2024-02-21,157,200
AIIMS Delhi,2024-02-22,148,200
AIIMS Delhi,2024-02-23,160,200
AIIMS Delhi,2024-02-24,151,200
AIIMS Delhi,2024-02-25,169,200
AIIMS Delhi,2024-02-26,154,200
AIIMS Delhi,2024-02-27,146,200
AIIMS Delhi,2024-02-28,151,200
AIIMS Delhi,2024-02-29,147,200
AIIMS Delhi,2024-03-01,154,200
AIIMS Delhi,2024-03-02,152,200
AIIMS Delhi,2024-03-03,163,200
AIIMS Delhi,2024-03-04,156,200
AIIMS Delhi,2024-03-05,143,200
AIIMS Delhi,2024-03-06,157,200
AIIMS Delhi,2024-03-07,147,200
AIIMS Delhi,2024-03-08,143,200
AIIMS Delhi,2024-03-09,151,200
AIIMS Delhi,2024-03-10,155,200
AIIMS Delhi,2024-03-11,161,200
AIIMS Delhi,2024-03-12,149,200
AIIMS Delhi,2024-03-13,143,200
AIIMS Delhi,2024-03-14,161,200
AIIMS Delhi,2024-03-15,157,200
AIIMS Delhi,2024-03-16,161,200
AIIMS Delhi,2024-03-17,151,200
AIIMS Delhi,2024-03-18,149,200
AIIMS Delhi,2024-03-19,143,200
AIIMS Delhi,2024-03-20,153,200
AIIMS Delhi,2024-03-21,155,200
AIIMS Delhi,2024-03-22,154,200
AIIMS Delhi,2024-03-23,157,200
AIIMS Delhi,2024-03-24,163,200
AIIMS Delhi,2024-03-25,162,200
AIIMS Delhi,2024-03-26,164,200
AIIMS Delhi,2024-03-27,147,200
AIIMS Delhi,2024-03-28,160,200
AIIMS Delhi,2024-03-29,155,200
AIIMS Delhi,2024-03-30,162,200
AIIMS Delhi,2024-03-31,167,200
AIIMS Delhi,2024-04-01,154,200
AIIMS Delhi,2024-04-02,160,200
AIIMS Delhi,2024-04-03,163,200
AIIMS Delhi,2024-04-04,164,200
AIIMS Delhi,2024-04-05,152,200
AIIMS Delhi,2024-04-06,158,200
AIIMS Delhi,2024-04-07,164,200
AIIMS Delhi,2024-04-08,152,200
AIIMS Delhi,2024-04-09,140,200
AIIMS Delhi,2024-04-10,164,200
AIIMS Delhi,2024-04-11,146,200
AIIMS Delhi,2024-04-12,148,200
AIIMS Delhi,2024-04-13,173,200
AIIMS Delhi,2024-04-14,150,200
AIIMS Delhi,2024-04-15,151,200
AIIMS Delhi,2024-04-16,147,200
AIIMS Delhi,2024-04-17,163,200
AIIMS Delhi,2024-04-18,150,200
AIIMS Delhi,2024-04-19,158,200
AIIMS Delhi,2024-04-20,166,200
AIIMS Delhi,2024-04-21,157,200
AIIMS Delhi,2024-04-22,142,200
AIIMS Delhi,2024-04-23,142,200
AIIMS Delhi,2024-04-24,140,200
AIIMS Delhi,2024-04-25,144,200
AIIMS Delhi,2024-04-26,149,200
AIIMS Delhi,2024-04-27,156,200
AIIMS Delhi,2024-04-28,158,200
AIIMS Delhi,2024-04-29,146,200
AIIMS Delhi,2024-04-30,148,200
AIIMS Delhi,2024-05-01,147,200
AIIMS Delhi,2024-05-02,151,200
AIIMS Delhi,2024-05-03,141,200
AIIMS Delhi,2024-05-04,150,200
AIIMS Delhi,2024-05-05,165,200
AIIMS Delhi,2024-05-06,162,200
AIIMS Delhi,2024-05-07,162,200
AIIMS Delhi,2024-05-08,163,200
AIIMS Delhi,2024-05-09,144,200
AIIMS Delhi,2024-05-10,142,200
AIIMS Delhi,2024-05-11,161,200
AIIMS Delhi,2024-05-12,157,200
AIIMS Delhi,2024-05-13,161,200
AIIMS Delhi,2024-05-14,142,200
AIIMS Delhi,2024-05-15,140,200
AIIMS Delhi,2024-05-16,142,200
AIIMS Delhi,2024-05-17,144,200
AIIMS Delhi,2024-05-18,164,200
AIIMS Delhi,2024-05-19,163,200
AIIMS Delhi,2024-05-20,142,200
AIIMS Delhi,2024-05-21,140,200
AIIMS Delhi,2024-05-22,144,200
AIIMS Delhi,2024-05-23,162,200
AIIMS Delhi,2024-05-24,153,200
AIIMS Delhi,2024-05-25,156,200
AIIMS Delhi,2024-05-26,158,200
AIIMS Delhi,2024-05-27,154,200
AIIMS Delhi,2024-05-28,154,200
AIIMS Delhi,2024-05-29,149,200
AIIMS Delhi,2024-05-30,152,200
AIIMS Delhi,2024-05-31,158,200
AIIMS Delhi,2024-06-01,156,200
AIIMS Delhi,2024-06-02,166,200
AIIMS Delhi,2024-06-03,159,200
AIIMS Delhi,2024-06-04,143,200
AIIMS Delhi,2024-06-05,144,200
AIIMS Delhi,2024-06-06,162,200
AIIMS Delhi,2024-06-07,146,200
AIIMS Delhi,2024-06-08,162,200
AIIMS Delhi,2024-06-09,164,200
AIIMS Delhi,2024-06-10,150,200
AIIMS Delhi,2024-06-11,143,200
AIIMS Delhi,2024-06-12,152,200
AIIMS Delhi,2024-06-13,146,200
AIIMS Delhi,2024-06-14,158,200
AIIMS Delhi,2024-06-15,171,200
AIIMS Delhi,2024-06-16,151,200
AIIMS Delhi,2024-06-17,149,200
AIIMS Delhi,2024-06-18,152,200
AIIMS Delhi,2024-06-19,164,200
AIIMS Delhi,2024-06-20,160,200
AIIMS Delhi,2024-06-21,145,200
AIIMS Delhi,2024-06-22,161,200
AIIMS Delhi,2024-06-23,161,200
AIIMS Delhi,2024-06-24,159,200
AIIMS Delhi,2024-06-25,150,200
AIIMS Delhi,2024-06-26,162,200
AIIMS Delhi,2024-06-27,164,200
AIIMS Delhi,2024-06-28,146,200
AIIMS Delhi,2024-06-29,150,200
AIIMS Delhi,2024-06-30,150,200
Apollo Chennai,2024-01-01,145,175
Apollo Chennai,2024-01-02,145,175
Apollo Chennai,2024-01-03,140,175
Apollo Chennai,2024-01-04,133,175
Apollo Chennai,2024-01-05,129,175
Apollo Chennai,2024-01-06,133,175
Apollo Chennai,2024-01-07,137,175
Apollo Chennai,2024-01-08,126,175
Apollo Chennai,2024-01-09,128,175
Apollo Chennai,2024-01-10,129,175
Apollo Chennai,2024-01-11,125,175
Apollo Chennai,2024-01-12,121,175
Apollo Chennai,2024-01-13,149,175
Apollo Chennai,2024-01-14,140,175
Apollo Chennai,2024-01-15,132,175
Apollo Chennai,2024-01-16,144,175
Apollo Chennai,2024-01-17,135,175
Apollo Chennai,2024-01-18,142,175
Apollo Chennai,2024-01-19,144,175
Apollo Chennai,2024-01-20,139,175
Apollo Chennai,2024-01-21,150,175
Apollo Chennai,2024-01-22,137,175
Apollo Chennai,2024-01-23,137,175
Apollo Chennai,2024-01-24,140,175
Apollo Chennai,2024-01-25,132,175
Apollo Chennai,2024-01-26,127,175
Apollo Chennai,2024-01-27,132,175
Apollo Chennai,2024-01-28,133,175
Apollo Chennai,2024-01-29,137,175
Apollo Chennai,2024-01-30,125,175
Apollo Chennai,2024-01-31,137,175
Apollo Chennai,2024-02-01,144,175
Apollo Chennai,2024-02-02,137,175
Apollo Chennai,2024-02-03,147,175
Apollo Chennai,2024-02-04,132,175
Apollo Chennai,2024-02-05,122,175
Apollo Chennai,2024-02-06,142,175
Apollo Chennai,2024-02-07,143,175
Apollo Chennai,2024-02-08,125,175
Apollo Chennai,2024-02-09,121,175
Apollo Chennai,2024-02-10,131,175
Apollo Chennai,2024-02-11,149,175
Apollo Chennai,2024-02-12,122,175
Apollo Chennai,2024-02-13,141,175
Apollo Chennai,2024-02-14,132,175
Apollo Chennai,2024-02-15,126,175
Apollo Chennai,2024-02-16,143,175
Apollo Chennai,2024-02-17,134,175
Apollo Chennai,2024-02-18,153,175
Apollo Chennai,2024-02-19,131,175
Apollo Chennai,2024-02-20,144,175
Apollo Chennai,2024-02-21,137,175
Apollo Chennai,2024-02-22,126,175
Apollo Chennai,2024-02-23,144,175
Apollo Chennai,2024-02-24,135,175
Apollo Chennai,2024-02-25,150,175
Apollo Chennai,2024-02-26,122,175
Apollo Chennai,2024-02-27,126,175
Apollo Chennai,2024-02-28,142,175
Apollo Chennai,2024-02-29,131,175
Apollo Chennai,2024-03-01,136,175
Apollo Chennai,2024-03-02,146,175
Apollo Chennai,2024-03-03,131,175
Apollo Chennai,2024-03-04,129,175
Apollo Chennai,2024-03-05,126,175
Apollo Chennai,2024-03-06,136,175
Apollo Chennai,2024-03-07,123,175
Apollo Chennai,2024-03-08,140,175
Apollo Chennai,2024-03-09,134,175
Apollo Chennai,2024-03-10,149,175
Apollo Chennai,2024-03-11,123,175
Apollo Chennai,2024-03-12,139,175
Apollo Chennai,2024-03-13,140,175
Apollo Chennai,2024-03-14,127,175
Apollo Chennai,2024-03-15,140,175
Apollo Chennai,2024-03-16,139,175
Apollo Chennai,2024-03-17,131,175
Apollo Chennai,2024-03-18,128,175
Apollo Chennai,2024-03-19,127,175
Apollo Chennai,2024-03-20,138,175
Apollo Chennai,2024-03-21,128,175
Apollo Chennai,2024-03-22,121,175
Apollo Chennai,2024-03-23,141,175
Apollo Chennai,2024-03-24,155,175
Apollo Chennai,2024-03-25,145,175
Apollo Chennai,2024-03-26,138,175
Apollo Chennai,2024-03-27,143,175
Apollo Chennai,2024-03-28,130,175
Apollo Chennai,2024-03-29,123,175
Apollo Chennai,2024-03-30,137,175
Apollo Chennai,2024-03-31,146,175
Apollo Chennai,2024-04-01,136,175
Apollo Chennai,2024-04-02,145,175
Apollo Chennai,2024-04-03,140,175
Apollo Chennai,2024-04-04,137,175
Apollo Chennai,2024-04-05,122,175
Apollo Chennai,2024-04-06,131,175
Apollo Chennai,2024-04-07,146,175
Apollo Chennai,2024-04-08,132,175
Apollo Chennai,2024-04-09,125,175
Apollo Chennai,2024-04-10,125,175
Apollo Chennai,2024-04-11,143,175
Apollo Chennai,2024-04-12,129,175
Apollo Chennai,2024-04-13,139,175
Apollo Chennai,2024-04-14,133,175
Apollo Chennai,2024-04-15,139,175
Apollo Chennai,2024-04-16,136,175
Apollo Chennai,2024-04-17,136,175
Apollo Chennai,2024-04-18,123,175
Apollo Chennai,2024-04-19,140,175
Apollo Chennai,2024-04-20,154,175
Apollo Chennai,2024-04-21,152,175
Apollo Chennai,2024-04-22,144,175
Apollo Chennai,2024-04-23,121,175
Apollo Chennai,2024-04-24,144,175
Apollo Chennai,2024-04-25,140,175
Apollo Chennai,2024-04-26,131,175
Apollo Chennai,2024-04-27,147,175
Apollo Chennai,2024-04-28,138,175
Apollo Chennai,2024-04-29,124,175
Apollo Chennai,2024-04-30,126,175
Apollo Chennai,2024-05-01,128,175
Apollo Chennai,2024-05-02,140,175
Apollo Chennai,2024-05-03,123,175
Apollo Chennai,2024-05-04,146,175
Apollo Chennai,2024-05-05,155,175
Apollo Chennai,2024-05-06,123,175
Apollo Chennai,2024-05-07,145,175
Apollo Chennai,2024-05-08,138,175
Apollo Chennai,2024-05-09,134,175
Apollo Chennai,2024-05-10,138,175
Apollo Chennai,2024-05-11,132,175
Apollo Chennai,2024-05-12,152,175
Apollo Chennai,2024-05-13,123,175
Apollo Chennai,2024-05-14,136,175
Apollo Chennai,2024-05-15,129,175
Apollo Chennai,2024-05-16,124,175
Apollo Chennai,2024-05-17,121,175
Apollo Chennai,2024-05-18,134,175
Apollo Chennai,2024-05-19,131,175
Apollo Chennai,2024-05-20,134,175
Apollo Chennai,2024-05-21,141,175
Apollo Chennai,2024-05-22,136,175
Apollo Chennai,2024-05-23,140,175
Apollo Chennai,2024-05-24,144,175
Apollo Chennai,2024-05-25,138,175
Apollo Chennai,2024-05-26,137,175
Apollo Chennai,2024-05-27,123,175
Apollo Chennai,2024-05-28,137,175
Apollo Chennai,2024-05-29,121,175
Apollo Chennai,2024-05-30,136,175
Apollo Chennai,2024-05-31,132,175
Apollo Chennai,2024-06-01,149,175
Apollo Chennai,2024-06-02,152,175
Apollo Chennai,2024-06-03,143,175
Apollo Chennai,2024-06-04,142,175
Apollo Chennai,2024-06-05,134,175
Apollo Chennai,2024-06-06,126,175
Apollo Chennai,2024-06-07,126,175
Apollo Chennai,2024-06-08,143,175
Apollo Chennai,2024-06-09,149,175
Apollo Chennai,2024-06-10,142,175
Apollo Chennai,2024-06-11,128,175
Apollo Chennai,2024-06-12,122,175
Apollo Chennai,2024-06-13,141,175
Apollo Chennai,2024-06-14,121,175
Apollo Chennai,2024-06-15,145,175
Apollo Chennai,2024-06-16,131,175
Apollo Chennai,2024-06-17,125,175
Apollo Chennai,2024-06-18,136,175
Apollo Chennai,2024-06-19,139,175
Apollo Chennai,2024-06-20,124,175
Apollo Chennai,2024-06-21,123,175
Apollo Chennai,2024-06-22,147,175
Apollo Chennai,2024-06-23,147,175
Apollo Chennai,2024-06-24,132,175
Apollo Chennai,2024-06-25,134,175
Apollo Chennai,2024-06-26,141,175
Apollo Chennai,2024-06-27,126,175
Apollo Chennai,2024-06-28,123,175
Apollo Chennai,2024-06-29,139,175
Apollo Chennai,2024-06-30,135,175
Care Hospitals Hyderabad,2024-01-01,133,160
Care Hospitals Hyderabad,2024-01-02,126,160
Care Hospitals Hyderabad,2024-01-03,123,160
Care Hospitals Hyderabad,2024-01-04,130,160
Care Hospitals Hyderabad,2024-01-05,112,160
Care Hospitals Hyderabad,2024-01-06,120,160
Care Hospitals Hyderabad,2024-01-07,139,160
Care Hospitals Hyderabad,2024-01-08,130,160
Care Hospitals Hyderabad,2024-01-09,132,160
Care Hospitals Hyderabad,2024-01-10,110,160
Care Hospitals Hyderabad,2024-01-11,112,160
Care Hospitals Hyderabad,2024-01-12,127,160
Care Hospitals Hyderabad,2024-01-13,144,160
Care Hospitals Hyderabad,2024-01-14,129,160
Care Hospitals Hyderabad,2024-01-15,131,160
Care Hospitals Hyderabad,2024-01-16,112,160
Care Hospitals Hyderabad,2024-01-17,117,160
Care Hospitals Hyderabad,2024-01-18,123,160
Care Hospitals Hyderabad,2024-01-19,133,160
Care Hospitals Hyderabad,2024-01-20,137,160
Care Hospitals Hyderabad,2024-01-21,134,160
Care Hospitals Hyderabad,2024-01-22,131,160
Care Hospitals Hyderabad,2024-01-23,132,160
Care Hospitals Hyderabad,2024-01-24,111,160
Care Hospitals Hyderabad,2024-01-25,119,160
Care Hospitals Hyderabad,2024-01-26,111,160
Care Hospitals Hyderabad,2024-01-27,136,160
Care Hospitals Hyderabad,2024-01-28,127,160
Care Hospitals Hyderabad,2024-01-29,110,160
Care Hospitals Hyderabad,2024-01-30,118,160
Care Hospitals Hyderabad,2024-01-31,120,160
Care Hospitals Hyderabad,2024-02-01,131,160
Care Hospitals Hyderabad,2024-02-02,125,160
Care Hospitals Hyderabad,2024-02-03,126,160
Care Hospitals Hyderabad,2024-02-04,129,160
Care Hospitals Hyderabad,2024-02-05,132,160
Care Hospitals Hyderabad,2024-02-06,112,160
Care Hospitals Hyderabad,2024-02-07,127,160
Care Hospitals Hyderabad,2024-02-08,134,160
Care Hospitals Hyderabad,2024-02-09,133,160
Care Hospitals Hyderabad,2024-02-10,132,160
Care Hospitals Hyderabad,2024-02-11,126,160
Care Hospitals Hyderabad,2024-02-12,134,160
Care Hospitals Hyderabad,2024-02-13,113,160
Care Hospitals Hyderabad,2024-02-14,122,160
Care Hospitals Hyderabad,2024-02-15,129,160
Care Hospitals Hyderabad,2024-02-16,110,160
Care Hospitals Hyderabad,2024-02-17,127,160
Care Hospitals Hyderabad,2024-02-18,133,160
Care Hospitals Hyderabad,2024-02-19,125,160
Care Hospitals Hyderabad,2024-02-20,123,160
Care Hospitals Hyderabad,2024-02-21,121,160
Care Hospitals Hyderabad,2024-02-22,128,160
Care Hospitals Hyderabad,2024-02-23,132,160
Care Hospitals Hyderabad,2024-02-24,134,160
Care Hospitals Hyderabad,2024-02-25,121,160
Care Hospitals Hyderabad,2024-02-26,111,160
Care Hospitals Hyderabad,2024-02-27,132,160
Care Hospitals Hyderabad,2024-02-28,131,160
Care Hospitals Hyderabad,2024-02-29,128,160
Care Hospitals Hyderabad,2024-03-01,134,160
Care Hospitals Hyderabad,2024-03-02,141,160
Care Hospitals Hyderabad,2024-03-03,141,160
Care Hospitals Hyderabad,2024-03-04,126,160
Care Hospitals Hyderabad,2024-03-05,129,160
Care Hospitals Hyderabad,2024-03-06,119,160
Care Hospitals Hyderabad,2024-03-07,115,160
Care Hospitals Hyderabad,2024-03-08,124,160
Care Hospitals Hyderabad,2024-03-09,141,160
Care Hospitals Hyderabad,2024-03-10,130,160
Care Hospitals Hyderabad,2024-03-11,114,160
Care Hospitals Hyderabad,2024-03-12,110,160
Care Hospitals Hyderabad,2024-03-13,117,160
Care Hospitals Hyderabad,2024-03-14,130,160
Care Hospitals Hyderabad,2024-03-15,121,160
Care Hospitals Hyderabad,2024-03-16,131,160
Care Hospitals Hyderabad,2024-03-17,124,160
Care Hospitals Hyderabad,2024-03-18,116,160
Care Hospitals Hyderabad,2024-03-19,113,160
Care Hospitals Hyderabad,2024-03-20,115,160
Care Hospitals Hyderabad,2024-03-21,122,160
Care Hospitals Hyderabad,2024-03-22,129,160
Care Hospitals Hyderabad,2024-03-23,134,160
Care Hospitals Hyderabad,2024-03-24,122,160
Care Hospitals Hyderabad,2024-03-25,132,160
Care Hospitals Hyderabad,2024-03-26,117,160
Care Hospitals Hyderabad,2024-03-27,129,160
Care Hospitals Hyderabad,2024-03-28,125,160
Care Hospitals Hyderabad,2024-03-29,122,160
Care Hospitals Hyderabad,2024-03-30,137,160
Care Hospitals Hyderabad,2024-03-31,129,160
Care Hospitals Hyderabad,2024-04-01,128,160
Care Hospitals Hyderabad,2024-04-02,126,160
Care Hospitals Hyderabad,2024-04-03,133,160
Care Hospitals Hyderabad,2024-04-04,128,160
Care Hospitals Hyderabad,2024-04-05,132,160
Care Hospitals Hyderabad,2024-04-06,124,160
Care Hospitals Hyderabad,2024-04-07,140,160
Care Hospitals Hyderabad,2024-04-08,132,160
Care Hospitals Hyderabad,2024-04-09,118,160
Care Hospitals Hyderabad,2024-04-10,121,160
Care Hospitals Hyderabad,2024-04-11,130,160
Care Hospitals Hyderabad,2024-04-12,110,160
Care Hospitals Hyderabad,2024-04-13,120,160
Care Hospitals Hyderabad,2024-04-14,134,160
Care Hospitals Hyderabad,2024-04-15,111,160
Care Hospitals Hyderabad,2024-04-16,131,160
Care Hospitals Hyderabad,2024-04-17,125,160
Care Hospitals Hyderabad,2024-04-18,134,160
Care Hospitals Hyderabad,2024-04-19,117,160
Care Hospitals Hyderabad,2024-04-20,132,160
Care Hospitals Hyderabad,2024-04-21,140,160
Care Hospitals Hyderabad,2024-04-22,110,160
Care Hospitals Hyderabad,2024-04-23,125,160
Care Hospitals Hyderabad,2024-04-24,116,160
Care Hospitals Hyderabad,2024-04-25,114,160
Care Hospitals Hyderabad,2024-04-26,131,160
Care Hospitals Hyderabad,2024-04-27,142,160
Care Hospitals Hyderabad,2024-04-28,122,160
Care Hospitals Hyderabad,2024-04-29,121,160
Care Hospitals Hyderabad,2024-04-30,125,160
Care Hospitals Hyderabad,2024-05-01,128,160
Care Hospitals Hyderabad,2024-05-02,114,160
Care Hospitals Hyderabad,2024-05-03,131,160
Care Hospitals Hyderabad,2024-05-04,144,160
Care Hospitals Hyderabad,2024-05-05,133,160
Care Hospitals Hyderabad,2024-05-06,114,160
Care Hospitals Hyderabad,2024-05-07,124,160
Care Hospitals Hyderabad,2024-05-08,126,160
Care Hospitals Hyderabad,2024-05-09,123,160
Care Hospitals Hyderabad,2024-05-10,129,160
Care Hospitals Hyderabad,2024-05-11,124,160
Care Hospitals Hyderabad,2024-05-12,131,160
Care Hospitals Hyderabad,2024-05-13,125,160
Care Hospitals Hyderabad,2024-05-14,125,160
Care Hospitals Hyderabad,2024-05-15,130,160
Care Hospitals Hyderabad,2024-05-16,116,160
Care Hospitals Hyderabad,2024-05-17,113,160
Care Hospitals Hyderabad,2024-05-18,120,160
Care Hospitals Hyderabad,2024-05-19,124,160
Care Hospitals Hyderabad,2024-05-20,132,160
Care Hospitals Hyderabad,2024-05-21,119,160
Care Hospitals Hyderabad,2024-05-22,131,160
Care Hospitals Hyderabad,2024-05-23,114,160
Care Hospitals Hyderabad,2024-05-24,113,160
Care Hospitals Hyderabad,2024-05-25,121,160
Care Hospitals Hyderabad,2024-05-26,139,160
Care Hospitals Hyderabad,2024-05-27,119,160
Care Hospitals Hyderabad,2024-05-28,128,160
Care Hospitals Hyderabad,2024-05-29,110,160
Care Hospitals Hyderabad,2024-05-30,133,160
Care Hospitals Hyderabad,2024-05-31,114,160
Care Hospitals Hyderabad,2024-06-01,132,160
Care Hospitals Hyderabad,2024-06-02,123,160
Care Hospitals Hyderabad,2024-06-03,125,160
Care Hospitals Hyderabad,2024-06-04,133,160
Care Hospitals Hyderabad,2024-06-05,125,160
Care Hospitals Hyderabad,2024-06-06,132,160
Care Hospitals Hyderabad,2024-06-07,111,160
Care Hospitals Hyderabad,2024-06-08,136,160
Care Hospitals Hyderabad,2024-06-09,139,160
Care Hospitals Hyderabad,2024-06-10,133,160
Care Hospitals Hyderabad,2024-06-11,121,160
Care Hospitals Hyderabad,2024-06-12,127,160
Care Hospitals Hyderabad,2024-06-13,112,160
Care Hospitals Hyderabad,2024-06-14,110,160
Care Hospitals Hyderabad,2024-06-15,120,160
Care Hospitals Hyderabad,2024-06-16,138,160
Care Hospitals Hyderabad,2024-06-17,120,160
Care Hospitals Hyderabad,2024-06-18,114,160
Care Hospitals Hyderabad,2024-06-19,121,160
Care Hospitals Hyderabad,2024-06-20,112,160
Care Hospitals Hyderabad,2024-06-21,110,160
Care Hospitals Hyderabad,2024-06-22,120,160
Care Hospitals Hyderabad,2024-06-23,127,160
Care Hospitals Hyderabad,2024-06-24,119,160
Care Hospitals Hyderabad,2024-06-25,120,160
Care Hospitals Hyderabad,2024-06-26,121,160
Care Hospitals Hyderabad,2024-06-27,122,160
Care Hospitals Hyderabad,2024-06-28,121,160
Care Hospitals Hyderabad,2024-06-29,133,160
Care Hospitals Hyderabad,2024-06-30,121,160
KIMS Vijayawada,2024-01-01,105,130
KIMS Vijayawada,2024-01-02,104,130
KIMS Vijayawada,2024-01-03,89,130
KIMS Vijayawada,2024-01-04,109,130
KIMS Vijayawada,2024-01-05,103,130
KIMS Vijayawada,2024-01-06,104,130
KIMS Vijayawada,2024-01-07,106,130
KIMS Vijayawada,2024-01-08,88,130
KIMS Vijayawada,2024-01-09,105,130
KIMS Vijayawada,2024-01-10,95,130
KIMS Vijayawada,2024-01-11,93,130
KIMS Vijayawada,2024-01-12,90,130
KIMS Vijayawada,2024-01-13,117,130
KIMS Vijayawada,2024-01-14,114,130
KIMS Vijayawada,2024-01-15,99,130
KIMS Vijayawada,2024-01-16,97,130
KIMS Vijayawada,2024-01-17,110,130
KIMS Vijayawada,2024-01-18,90,130
KIMS Vijayawada,2024-01-19,111,130
KIMS Vijayawada,2024-01-20,117,130
KIMS Vijayawada,2024-01-21,121,130
KIMS Vijayawada,2024-01-22,90,130
KIMS Vijayawada,2024-01-23,96,130
KIMS Vijayawada,2024-01-24,91,130
KIMS Vijayawada,2024-01-25,95,130
KIMS Vijayawada,2024-01-26,110,130
KIMS Vijayawada,2024-01-27,99,130
KIMS Vijayawada,2024-01-28,113,130
KIMS Vijayawada,2024-01-29,89,130
KIMS Vijayawada,2024-01-30,102,130
KIMS Vijayawada,2024-01-31,90,130
KIMS Vijayawada,2024-02-01,104,130
KIMS Vijayawada,2024-02-02,103,130
KIMS Vijayawada,2024-02-03,103,130
KIMS Vijayawada,2024-02-04,120,130
KIMS Vijayawada,2024-02-05,109,130
KIMS Vijayawada,2024-02-06,91,130
KIMS Vijayawada,2024-02-07,98,130
KIMS Vijayawada,2024-02-08,103,130
KIMS Vijayawada,2024-02-09,109,130
KIMS Vijayawada,2024-02-10,109,130
KIMS Vijayawada,2024-02-11,119,130
KIMS Vijayawada,2024-02-12,111,130
KIMS Vijayawada,2024-02-13,89,130
KIMS Vijayawada,2024-02-14,95,130
KIMS Vijayawada,2024-02-15,103,130
KIMS Vijayawada,2024-02-16,103,130
KIMS Vijayawada,2024-02-17,116,130
KIMS Vijayawada,2024-02-18,112,130
KIMS Vijayawada,2024-02-19,111,130
KIMS Vijayawada,2024-02-20,108,130
KIMS Vijayawada,2024-02-21,99,130
KIMS Vijayawada,2024-02-22,105,130
KIMS Vijayawada,2024-02-23,103,130
KIMS Vijayawada,2024-02-24,100,130
KIMS Vijayawada,2024-02-25,108,130
KIMS Vijayawada,2024-02-26,95,130
KIMS Vijayawada,2024-02-27,105,130
KIMS Vijayawada,2024-02-28,98,130
KIMS Vijayawada,2024-02-29,95,130
KIMS Vijayawada,2024-03-01,93,130
KIMS Vijayawada,2024-03-02,110,130
KIMS Vijayawada,2024-03-03,116,130
KIMS Vijayawada,2024-03-04,105,130
KIMS Vijayawada,2024-03-05,101,130
KIMS Vijayawada,2024-03-06,102,130
KIMS Vijayawada,2024-03-07,107,130
KIMS Vijayawada,2024-03-08,91,130
KIMS Vijayawada,2024-03-09,99,130
KIMS Vijayawada,2024-03-10,108,130
KIMS Vijayawada,2024-03-11,111,130
KIMS Vijayawada,2024-03-12,106,130
KIMS Vijayawada,2024-03-13,107,130
KIMS Vijayawada,2024-03-14,90,130
KIMS Vijayawada,2024-03-15,107,130
KIMS Vijayawada,2024-03-16,119,130
KIMS Vijayawada,2024-03-17,112,130
KIMS Vijayawada,2024-03-18,111,130
KIMS Vijayawada,2024-03-19,93,130
KIMS Vijayawada,2024-03-20,99,130
KIMS Vijayawada,2024-03-21,107,130
KIMS Vijayawada,2024-03-22,96,130
KIMS Vijayawada,2024-03-23,103,130
KIMS Vijayawada,2024-03-24,110,130
KIMS Vijayawada,2024-03-25,91,130
KIMS Vijayawada,2024-03-26,89,130
KIMS Vijayawada,2024-03-27,109,130
KIMS Vijayawada,2024-03-28,97,130
KIMS Vijayawada,2024-03-29,97,130
KIMS Vijayawada,2024-03-30,114,130
KIMS Vijayawada,2024-03-31,111,130
KIMS Vijayawada,2024-04-01,98,130
KIMS Vijayawada,2024-04-02,95,130
KIMS Vijayawada,2024-04-03,96,130
KIMS Vijayawada,2024-04-04,98,130
KIMS Vijayawada,2024-04-05,103,130
KIMS Vijayawada,2024-04-06,102,130
KIMS Vijayawada,2024-04-07,103,130
KIMS Vijayawada,2024-04-08,100,130
KIMS Vijayawada,2024-04-09,99,130
KIMS Vijayawada,2024-04-10,94,130
KIMS Vijayawada,2024-04-11,96,130
KIMS Vijayawada,2024-04-12,95,130
KIMS Vijayawada,2024-04-13,114,130
KIMS Vijayawada,2024-04-14,98,130
KIMS Vijayawada,2024-04-15,91,130
KIMS Vijayawada,2024-04-16,91,130
KIMS Vijayawada,2024-04-17,92,130
KIMS Vijayawada,2024-04-18,105,130
KIMS Vijayawada,2024-04-19,94,130
KIMS Vijayawada,2024-04-20,112,130
KIMS Vijayawada,2024-04-21,109,130
KIMS Vijayawada,2024-04-22,87,130
KIMS Vijayawada,2024-04-23,108,130
KIMS Vijayawada,2024-04-24,106,130
KIMS Vijayawada,2024-04-25,103,130
KIMS Vijayawada,2024-04-26,93,130
KIMS Vijayawada,2024-04-27,121,130
KIMS Vijayawada,2024-04-28,109,130
KIMS Vijayawada,2024-04-29,90,130
KIMS Vijayawada,2024-04-30,90,130
KIMS Vijayawada,2024-05-01,92,130
KIMS Vijayawada,2024-05-02,105,130
KIMS Vijayawada,2024-05-03,98,130
KIMS Vijayawada,2024-05-04,118,130
KIMS Vijayawada,2024-05-05,103,130
KIMS Vijayawada,2024-05-06,96,130
KIMS Vijayawada,2024-05-07,105,130
KIMS Vijayawada,2024-05-08,93,130
KIMS Vijayawada,2024-05-09,89,130
KIMS Vijayawada,2024-05-10,99,130
KIMS Vijayawada,2024-05-11,109,130
KIMS Vijayawada,2024-05-12,114,130
KIMS Vijayawada,2024-05-13,106,130
KIMS Vijayawada,2024-05-14,94,130
KIMS Vijayawada,2024-05-15,95,130
KIMS Vijayawada,2024-05-16,93,130
KIMS Vijayawada,2024-05-17,87,130
KIMS Vijayawada,2024-05-18,99,130
KIMS Vijayawada,2024-05-19,109,130
KIMS Vijayawada,2024-05-20,111,130
KIMS Vijayawada,2024-05-21,103,130
KIMS Vijayawada,2024-05-22,111,130
KIMS Vijayawada,2024-05-23,110,130
KIMS Vijayawada,2024-05-24,87,130
KIMS Vijayawada,2024-05-25,102,130
KIMS Vijayawada,2024-05-26,117,130
KIMS Vijayawada,2024-05-27,92,130
KIMS Vijayawada,2024-05-28,98,130
KIMS Vijayawada,2024-05-29,99,130
KIMS Vijayawada,2024-05-30,99,130
KIMS Vijayawada,2024-05-31,101,130
KIMS Vijayawada,2024-06-01,117,130
KIMS Vijayawada,2024-06-02,112,130
KIMS Vijayawada,2024-06-03,108,130
KIMS Vijayawada,2024-06-04,107,130
KIMS Vijayawada,2024-06-05,97,130
KIMS Vijayawada,2024-06-06,91,130
KIMS Vijayawada,2024-06-07,90,130
KIMS Vijayawada,2024-06-08,99,130
KIMS Vijayawada,2024-06-09,115,130
KIMS Vijayawada,2024-06-10,106,130
KIMS Vijayawada,2024-06-11,111,130
KIMS Vijayawada,2024-06-12,104,130
KIMS Vijayawada,2024-06-13,101,130
KIMS Vijayawada,2024-06-14,95,130
KIMS Vijayawada,2024-06-15,113,130
KIMS Vijayawada,2024-06-16,110,130
KIMS Vijayawada,2024-06-17,101,130
KIMS Vijayawada,2024-06-18,87,130
KIMS Vijayawada,2024-06-19,107,130
KIMS Vijayawada,2024-06-20,108,130
KIMS Vijayawada,2024-06-21,108,130
KIMS Vijayawada,2024-06-22,99,130
KIMS Vijayawada,2024-06-23,112,130
KIMS Vijayawada,2024-06-24,109,130
KIMS Vijayawada,2024-06-25,111,130
KIMS Vijayawada,2024-06-26,97,130
KIMS Vijayawada,2024-06-27,98,130
KIMS Vijayawada,2024-06-28,96,130
KIMS Vijayawada,2024-06-29,112,130
KIMS Vijayawada,2024-06-30,104,130
Fortis Bangalore,2024-01-01,133,185
Fortis Bangalore,2024-01-02,139,185
Fortis Bangalore,2024-01-03,151,185
Fortis Bangalore,2024-01-04,148,185
Fortis Bangalore,2024-01-05,135,185
Fortis Bangalore,2024-01-06,141,185
Fortis Bangalore,2024-01-07,145,185
Fortis Bangalore,2024-01-08,145,185
Fortis Bangalore,2024-01-09,132,185
Fortis Bangalore,2024-01-10,136,185
Fortis Bangalore,2024-01-11,131,185
Fortis Bangalore,2024-01-12,149,185
Fortis Bangalore,2024-01-13,154,185
Fortis Bangalore,2024-01-14,146,185
Fortis Bangalore,2024-01-15,128,185
Fortis Bangalore,2024-01-16,148,185
Fortis Bangalore,2024-01-17,147,185
Fortis Bangalore,2024-01-18,140,185
Fortis Bangalore,2024-01-19,143,185
Fortis Bangalore,2024-01-20,150,185
Fortis Bangalore,2024-01-21,151,185
Fortis Bangalore,2024-01-22,130,185
Fortis Bangalore,2024-01-23,133,185
Fortis Bangalore,2024-01-24,145,185
Fortis Bangalore,2024-01-25,146,185
Fortis Bangalore,2024-01-26,132,185
Fortis Bangalore,2024-01-27,152,185
Fortis Bangalore,2024-01-28,162,185
Fortis Bangalore,2024-01-29,129,185
Fortis Bangalore,2024-01-30,137,185
Fortis Bangalore,2024-01-31,151,185
Fortis Bangalore,2024-02-01,145,185
Fortis Bangalore,2024-02-02,140,185
Fortis Bangalore,2024-02-03,142,185
Fortis Bangalore,2024-02-04,160,185
Fortis Bangalore,2024-02-05,151,185
Fortis Bangalore,2024-02-06,128,185
Fortis Bangalore,2024-02-07,149,185
Fortis Bangalore,2024-02-08,128,185
Fortis Bangalore,2024-02-09,145,185
Fortis Bangalore,2024-02-10,152,185
Fortis Bangalore,2024-02-11,154,185
Fortis Bangalore,2024-02-12,138,185
Fortis Bangalore,2024-02-13,148,185
Fortis Bangalore,2024-02-14,152,185
Fortis Bangalore,2024-02-15,149,185
Fortis Bangalore,2024-02-16,144,185
Fortis Bangalore,2024-02-17,150,185
Fortis Bangalore,2024-02-18,138,185
Fortis Bangalore,2024-02-19,129,185
Fortis Bangalore,2024-02-20,136,185
Fortis Bangalore,2024-02-21,130,185
Fortis Bangalore,2024-02-22,128,185
Fortis Bangalore,2024-02-23,148,185
Fortis Bangalore,2024-02-24,153,185
Fortis Bangalore,2024-02-25,160,185
Fortis Bangalore,2024-02-26,133,185
Fortis Bangalore,2024-02-27,144,185
Fortis Bangalore,2024-02-28,132,185
Fortis Bangalore,2024-02-29,132,185
Fortis Bangalore,2024-03-01,133,185
Fortis Bangalore,2024-03-02,140,185
Fortis Bangalore,2024-03-03,158,185
Fortis Bangalore,2024-03-04,150,185
Fortis Bangalore,2024-03-05,132,185
Fortis Bangalore,2024-03-06,148,185
Fortis Bangalore,2024-03-07,132,185
Fortis Bangalore,2024-03-08,137,185
Fortis Bangalore,2024-03-09,147,185
Fortis Bangalore,2024-03-10,156,185
Fortis Bangalore,2024-03-11,144,185
Fortis Bangalore,2024-03-12,148,185
Fortis Bangalore,2024-03-13,141,185
Fortis Bangalore,2024-03-14,136,185
Fortis Bangalore,2024-03-15,141,185
Fortis Bangalore,2024-03-16,138,185
Fortis Bangalore,2024-03-17,156,185
Fortis Bangalore,2024-03-18,140,185
Fortis Bangalore,2024-03-19,140,185
Fortis Bangalore,2024-03-20,131,185
Fortis Bangalore,2024-03-21,128,185
Fortis Bangalore,2024-03-22,144,185
Fortis Bangalore,2024-03-23,145,185
Fortis Bangalore,2024-03-24,139,185
Fortis Bangalore,2024-03-25,135,185
Fortis Bangalore,2024-03-26,134,185
Fortis Bangalore,2024-03-27,129,185
Fortis Bangalore,2024-03-28,149,185
Fortis Bangalore,2024-03-29,149,185
Fortis Bangalore,2024-03-30,140,185
Fortis Bangalore,2024-03-31,155,185
Fortis Bangalore,2024-04-01,139,185
Fortis Bangalore,2024-04-02,128,185
Fortis Bangalore,2024-04-03,149,185
Fortis Bangalore,2024-04-04,139,185
Fortis Bangalore,2024-04-05,132,185
Fortis Bangalore,2024-04-06,162,185
Fortis Bangalore,2024-04-07,154,185
Fortis Bangalore,2024-04-08,143,185
Fortis Bangalore,2024-04-09,142,185
Fortis Bangalore,2024-04-10,150,185
Fortis Bangalore,2024-04-11,142,185
Fortis Bangalore,2024-04-12,132,185
Fortis Bangalore,2024-04-13,158,185
Fortis Bangalore,2024-04-14,151,185
Fortis Bangalore,2024-04-15,129,185
Fortis Bangalore,2024-04-16,138,185
Fortis Bangalore,2024-04-17,146,185
Fortis Bangalore,2024-04-18,134,185
Fortis Bangalore,2024-04-19,133,185
Fortis Bangalore,2024-04-20,139,185
Fortis Bangalore,2024-04-21,143,185
Fortis Bangalore,2024-04-22,145,185
Fortis Bangalore,2024-04-23,129,185
Fortis Bangalore,2024-04-24,145,185
Fortis Bangalore,2024-04-25,142,185
Fortis Bangalore,2024-04-26,146,185
Fortis Bangalore,2024-04-27,139,185
Fortis Bangalore,2024-04-28,157,185
Fortis Bangalore,2024-04-29,152,185
Fortis Bangalore,2024-04-30,133,185
Fortis Bangalore,2024-05-01,128,185
Fortis Bangalore,2024-05-02,151,185
Fortis Bangalore,2024-05-03,142,185
Fortis Bangalore,2024-05-04,160,185
Fortis Bangalore,2024-05-05,147,185
Fortis Bangalore,2024-05-06,146,185
Fortis Bangalore,2024-05-07,144,185
Fortis Bangalore,2024-05-08,132,185
Fortis Bangalore,2024-05-09,131,185
Fortis Bangalore,2024-05-10,137,185
Fortis Bangalore,2024-05-11,161,185
Fortis Bangalore,2024-05-12,154,185
Fortis Bangalore,2024-05-13,137,185
Fortis Bangalore,2024-05-14,144,185
Fortis Bangalore,2024-05-15,147,185
Fortis Bangalore,2024-05-16,151,185
Fortis Bangalore,2024-05-17,132,185
Fortis Bangalore,2024-05-18,139,185
Fortis Bangalore,2024-05-19,143,185
Fortis Bangalore,2024-05-20,148,185
Fortis Bangalore,2024-05-21,129,185
Fortis Bangalore,2024-05-22,140,185
Fortis Bangalore,2024-05-23,138,185
Fortis Bangalore,2024-05-24,138,185
Fortis Bangalore,2024-05-25,153,185
Fortis Bangalore,2024-05-26,148,185
Fortis Bangalore,2024-05-27,146,185
Fortis Bangalore,2024-05-28,142,185
Fortis Bangalore,2024-05-29,152,185
Fortis Bangalore,2024-05-30,150,185
Fortis Bangalore,2024-05-31,150,185
Fortis Bangalore,2024-06-01,153,185
Fortis Bangalore,2024-06-02,148,185
Fortis Bangalore,2024-06-03,149,185
Fortis Bangalore,2024-06-04,143,185
Fortis Bangalore,2024-06-05,135,185
Fortis Bangalore,2024-06-06,131,185
Fortis Bangalore,2024-06-07,135,185
Fortis Bangalore,2024-06-08,141,185
Fortis Bangalore,2024-06-09,161,185
Fortis Bangalore,2024-06-10,152,185
Fortis Bangalore,2024-06-11,130,185
Fortis Bangalore,2024-06-12,130,185
Fortis Bangalore,2024-06-13,145,185
Fortis Bangalore,2024-06-14,146,185
Fortis Bangalore,2024-06-15,156,185
Fortis Bangalore,2024-06-16,158,185
Fortis Bangalore,2024-06-17,132,185
Fortis Bangalore,2024-06-18,145,185
Fortis Bangalore,2024-06-19,137,185
Fortis Bangalore,2024-06-20,149,185
Fortis Bangalore,2024-06-21,148,185
Fortis Bangalore,2024-06-22,143,185
Fortis Bangalore,2024-06-23,138,185
Fortis Bangalore,2024-06-24,132,185
Fortis Bangalore,2024-06-25,136,185
Fortis Bangalore,2024-06-26,139,185
Fortis Bangalore,2024-06-27,141,185
Fortis Bangalore,2024-06-28,129,185
Fortis Bangalore,2024-06-29,154,185
Fortis Bangalore,2024-06-30,151,185
Max Healthcare Delhi,2024-01-01,144,190
Max Healthcare Delhi,2024-01-02,140,190
Max Healthcare Delhi,2024-01-03,156,190
Max Healthcare Delhi,2024-01-04,146,190
Max Healthcare Delhi,2024-01-05,156,190
Max Healthcare Delhi,2024-01-06,163,190
Max Healthcare Delhi,2024-01-07,156,190
Max Healthcare Delhi,2024-01-08,155,190
Max Healthcare Delhi,2024-01-09,142,190
Max Healthcare Delhi,2024-01-10,147,190
Max Healthcare Delhi,2024-01-11,148,190
Max Healthcare Delhi,2024-01-12,135,190
Max Healthcare Delhi,2024-01-13,142,190
Max Healthcare Delhi,2024-01-14,149,190
Max Healthcare Delhi,2024-01-15,148,190
Max Healthcare Delhi,2024-01-16,134,190
Max Healthcare Delhi,2024-01-17,151,190
Max Healthcare Delhi,2024-01-18,146,190
Max Healthcare Delhi,2024-01-19,146,190
Max Healthcare Delhi,2024-01-20,165,190
Max Healthcare Delhi,2024-01-21,163,190
Max Healthcare Delhi,2024-01-22,145,190
Max Healthcare Delhi,2024-01-23,154,190
Max Healthcare Delhi,2024-01-24,145,190
Max Healthcare Delhi,2024-01-25,155,190
Max Healthcare Delhi,2024-01-26,133,190
Max Healthcare Delhi,2024-01-27,154,190
Max Healthcare Delhi,2024-01-28,155,190
Max Healthcare Delhi,2024-01-29,155,190
Max Healthcare Delhi,2024-01-30,150,190
Max Healthcare Delhi,2024-01-31,138,190
Max Healthcare Delhi,2024-02-01,134,190
Max Healthcare Delhi,2024-02-02,146,190
Max Healthcare Delhi,2024-02-03,164,190
Max Healthcare Delhi,2024-02-04,155,190
Max Healthcare Delhi,2024-02-05,142,190
Max Healthcare Delhi,2024-02-06,146,190
Max Healthcare Delhi,2024-02-07,144,190
Max Healthcare Delhi,2024-02-08,149,190
Max Healthcare Delhi,2024-02-09,137,190
Max Healthcare Delhi,2024-02-10,144,190
Max Healthcare Delhi,2024-02-11,160,190
Max Healthcare Delhi,2024-02-12,146,190
Max Healthcare Delhi,2024-02-13,156,190
Max Healthcare Delhi,2024-02-14,154,190
Max Healthcare Delhi,2024-02-15,136,190
Max Healthcare Delhi,2024-02-16,141,190
Max Healthcare Delhi,2024-02-17,148,190
Max Healthcare Delhi,2024-02-18,166,190
Max Healthcare Delhi,2024-02-19,148,190
Max Healthcare Delhi,2024-02-20,138,190
Max Healthcare Delhi,2024-02-21,153,190
Max Healthcare Delhi,2024-02-22,143,190
Max Healthcare Delhi,2024-02-23,156,190
Max Healthcare Delhi,2024-02-24,158,190
Max Healthcare Delhi,2024-02-25,154,190
Max Healthcare Delhi,2024-02-26,151,190
Max Healthcare Delhi,2024-02-27,156,190
Max Healthcare Delhi,2024-02-28,135,190
Max Healthcare Delhi,2024-02-29,141,190
Max Healthcare Delhi,2024-03-01,134,190
Max Healthcare Delhi,2024-03-02,150,190
Max Healthcare Delhi,2024-03-03,154,190
Max Healthcare Delhi,2024-03-04,149,190
Max Healthcare Delhi,2024-03-05,146,190
Max Healthcare Delhi,2024-03-06,135,190
Max Healthcare Delhi,2024-03-07,146,190
Max Healthcare Delhi,2024-03-08,153,190
Max Healthcare Delhi,2024-03-09,143,190
Max Healthcare Delhi,2024-03-10,156,190
Max Healthcare Delhi,2024-03-11,139,190
Max Healthcare Delhi,2024-03-12,139,190
Max Healthcare Delhi,2024-03-13,148,190
Max Healthcare Delhi,2024-03-14,143,190
Max Healthcare Delhi,2024-03-15,150,190
Max Healthcare Delhi,2024-03-16,151,190
Max Healthcare Delhi,2024-03-17,150,190
Max Healthcare Delhi,2024-03-18,136,190
Max Healthcare Delhi,2024-03-19,137,190
Max Healthcare Delhi,2024-03-20,151,190
Max Healthcare Delhi,2024-03-21,133,190
Max Healthcare Delhi,2024-03-22,155,190
Max Healthcare Delhi,2024-03-23,154,190
Max Healthcare Delhi,2024-03-24,147,190
Max Healthcare Delhi,2024-03-25,136,190
Max Healthcare Delhi,2024-03-26,156,190
Max Healthcare Delhi,2024-03-27,132,190
Max Healthcare Delhi,2024-03-28,152,190
Max Healthcare Delhi,2024-03-29,153,190
Max Healthcare Delhi,2024-03-30,162,190
Max Healthcare Delhi,2024-03-31,147,190
Max Healthcare Delhi,2024-04-01,137,190
Max Healthcare Delhi,2024-04-02,154,190
Max Healthcare Delhi,2024-04-03,147,190
Max Healthcare Delhi,2024-04-04,135,190
Max Healthcare Delhi,2024-04-05,142,190
Max Healthcare Delhi,2024-04-06,165,190
Max Healthcare Delhi,2024-04-07,164,190
Max Healthcare Delhi,2024-04-08,140,190
Max Healthcare Delhi,2024-04-09,154,190
Max Healthcare Delhi,2024-04-10,134,190
Max Healthcare Delhi,2024-04-11,150,190
Max Healthcare Delhi,2024-04-12,139,190
Max Healthcare Delhi,2024-04-13,146,190
Max Healthcare Delhi,2024-04-14,145,190
Max Healthcare Delhi,2024-04-15,155,190
Max Healthcare Delhi,2024-04-16,137,190
Max Healthcare Delhi,2024-04-17,133,190
Max Healthcare Delhi,2024-04-18,151,190
Max Healthcare Delhi,2024-04-19,142,190
Max Healthcare Delhi,2024-04-20,145,190
Max Healthcare Delhi,2024-04-21,156,190
Max Healthcare Delhi,2024-04-22,137,190
Max Healthcare Delhi,2024-04-23,153,190
Max Healthcare Delhi,2024-04-24,148,190
Max Healthcare Delhi,2024-04-25,155,190
Max Healthcare Delhi,2024-04-26,137,190
Max Healthcare Delhi,2024-04-27,160,190
Max Healthcare Delhi,2024-04-28,166,190
Max Healthcare Delhi,2024-04-29,133,190
Max Healthcare Delhi,2024-04-30,146,190
Max Healthcare Delhi,2024-05-01,142,190
Max Healthcare Delhi,2024-05-02,139,190
Max Healthcare Delhi,2024-05-03,150,190
Max Healthcare Delhi,2024-05-04,154,190
Max Healthcare Delhi,2024-05-05,153,190
Max Healthcare Delhi,2024-05-06,136,190
Max Healthcare Delhi,2024-05-07,137,190
Max Healthcare Delhi,2024-05-08,153,190
Max Healthcare Delhi,2024-05-09,135,190
Max Healthcare Delhi,2024-05-10,150,190
Max Healthcare Delhi,2024-05-11,161,190
Max Healthcare Delhi,2024-05-12,142,190
Max Healthcare Delhi,2024-05-13,151,190
Max Healthcare Delhi,2024-05-14,148,190
Max Healthcare Delhi,2024-05-15,143,190
Max Healthcare Delhi,2024-05-16,146,190
Max Healthcare Delhi,2024-05-17,132,190
Max Healthcare Delhi,2024-05-18,155,190
Max Healthcare Delhi,2024-05-19,147,190
Max Healthcare Delhi,2024-05-20,136,190
Max Healthcare Delhi,2024-05-21,142,190
Max Healthcare Delhi,2024-05-22,135,190
Max Healthcare Delhi,2024-05-23,144,190
Max Healthcare Delhi,2024-05-24,142,190
Max Healthcare Delhi,2024-05-25,144,190
Max Healthcare Delhi,2024-05-26,142,190
Max Healthcare Delhi,2024-05-27,137,190
Max Healthcare Delhi,2024-05-28,149,190
Max Healthcare Delhi,2024-05-29,155,190
Max Healthcare Delhi,2024-05-30,141,190
Max Healthcare Delhi,2024-05-31,136,190
Max Healthcare Delhi,2024-06-01,164,190
Max Healthcare Delhi,2024-06-02,151,190
Max Healthcare Delhi,2024-06-03,143,190
Max Healthcare Delhi,2024-06-04,133,190
Max Healthcare Delhi,2024-06-05,144,190
Max Healthcare Delhi,2024-06-06,139,190
Max Healthcare Delhi,2024-06-07,133,190
Max Healthcare Delhi,2024-06-08,161,190
Max Healthcare Delhi,2024-06-09,142,190
Max Healthcare Delhi,2024-06-10,136,190
Max Healthcare Delhi,2024-06-11,140,190
Max Healthcare Delhi,2024-06-12,148,190
Max Healthcare Delhi,2024-06-13,140,190
Max Healthcare Delhi,2024-06-14,142,190
Max Healthcare Delhi,2024-06-15,156,190
Max Healthcare Delhi,2024-06-16,165,190
Max Healthcare Delhi,2024-06-17,137,190
Max Healthcare Delhi,2024-06-18,154,190
Max Healthcare Delhi,2024-06-19,134,190
Max Healthcare Delhi,2024-06-20,148,190
Max Healthcare Delhi,2024-06-21,136,190
Max Healthcare Delhi,2024-06-22,153,190
Max Healthcare Delhi,2024-06-23,159,190
Max Healthcare Delhi,2024-06-24,145,190
Max Healthcare Delhi,2024-06-25,152,190
Max Healthcare Delhi,2024-06-26,155,190
Max Healthcare Delhi,2024-06-27,142,190
Max Healthcare Delhi,2024-06-28,140,190
Max Healthcare Delhi,2024-06-29,143,190
Max Healthcare Delhi,2024-06-30,153,190
